product_page_url,universal_product_code,title,price_including_tax,price_excluding_tax,number_available,product_description,category,review_rating,image_url
http://books.toscrape.com/catalogue/the-requiem-red_995/,f77dbf2323deb740,The Requiem Red,22.65,22.65,19,"Patient Twenty-nine.A monster roams the halls of Soothing Hills Asylum. Three girls dead. 29 is endowed with the curse…or gift of perception. She hears messages in music, sees lyrics in paintings. And the corn. A lifetime asylum resident, the orchestral corn music is the only constant in her life.Mason, a new, kind orderly, sees 29 as a woman, not a lunatic. And as his bel Patient Twenty-nine.A monster roams the halls of Soothing Hills Asylum. Three girls dead. 29 is endowed with the curse…or gift of perception. She hears messages in music, sees lyrics in paintings. And the corn. A lifetime asylum resident, the orchestral corn music is the only constant in her life.Mason, a new, kind orderly, sees 29 as a woman, not a lunatic. And as his belief in her grows, so does her self- confidence. That perhaps she might escape, might see the outside world. But the monster has other plans. The missing girls share one common thread...each was twenty-nine's cell mate. Will she be next? ...more",Young Adult,1,http://books.toscrape.com/media/cache/6b/07/6b07b77236b7c80f42bd90bf325e69f6.jpg
http://books.toscrape.com/catalogue/set-me-free_988/,ce6396b0f23f6ecc,Set Me Free,17.46,17.46,19,"Aaron Ledbetter’s future had been planned out for him since before he was born. Each year, the Ledbetter family vacation on Tybee Island gave Aaron a chance to briefly free himself from his family’s expectations. When he meets Jonas “Lucky” Luckett, a caricature artist in town with the traveling carnival, he must choose between the life that’s been mapped out for him, and Aaron Ledbetter’s future had been planned out for him since before he was born. Each year, the Ledbetter family vacation on Tybee Island gave Aaron a chance to briefly free himself from his family’s expectations. When he meets Jonas “Lucky” Luckett, a caricature artist in town with the traveling carnival, he must choose between the life that’s been mapped out for him, and the chance at true love. ...more",Young Adult,5,http://books.toscrape.com/media/cache/b8/e9/b8e91bd2fc74c3954118999238abb4b8.jpg
http://books.toscrape.com/catalogue/the-natural-history-of-us-the-fine-art-of-pretending-2_941/,cedf82b5086e4691,The Natural History of Us (The Fine Art of Pretending #2),45.22,45.22,16,"One class assignment. One second chance at love. The school player is all in. Now he needs to win back the sweet commitment girl who's forever owned his heart. Justin Carter has a secret. He's not the total player Fairfield Academy believes him to be. Not really. In fact, he used to be a one-woman guy...and his feelings for her never went away. Too bad he broke her heart t One class assignment. One second chance at love. The school player is all in. Now he needs to win back the sweet commitment girl who's forever owned his heart. Justin Carter has a secret. He's not the total player Fairfield Academy believes him to be. Not really. In fact, he used to be a one-woman guy...and his feelings for her never went away. Too bad he broke her heart three years ago and made sure to ruin any chance she'd ever forgive him. Peyton Williams is a liar. She pretends to be whole, counting down the days until graduation and helping her parents at the family ranch. But the truth is, she's done everything she can to get over Justin, and salvation is just around the corner. With graduation one short month away, she'll soon break free from the painful memories and start her life fresh. Of course, she has to get through working with him on one last assignment first. For Justin, nothing ever felt as right as being with Peyton, and now that fate's given him a shot at redemption, he's determined to make the most of it. And for Peyton...well, Justin Carter has always been her kryptonite. ...more",Young Adult,3,http://books.toscrape.com/media/cache/da/b8/dab87c14168f3ce18530447ec6437361.jpg
http://books.toscrape.com/catalogue/obsidian-lux-1_911/,3c346ab1e76ae1f6,Obsidian (Lux #1),14.86,14.86,16,"Starting over sucks.When we moved to West Virginia right before my senior year, I’d pretty much resigned myself to thick accents, dodgy internet access, and a whole lot of boring… until I spotted my hot neighbor, with his looming height and eerie green eyes. Things were looking up.And then he opened his mouth.Daemon is infuriating. Arrogant. Stab-worthy. We do not get alon Starting over sucks.When we moved to West Virginia right before my senior year, I’d pretty much resigned myself to thick accents, dodgy internet access, and a whole lot of boring… until I spotted my hot neighbor, with his looming height and eerie green eyes. Things were looking up.And then he opened his mouth.Daemon is infuriating. Arrogant. Stab-worthy. We do not get along. At all. But when a stranger attacks me and Daemon literally freezes time with a wave of his hand, well, something… unexpected happens. The hot alien living next door marks me.You heard me. Alien. Turns out Daemon and his sister have a galaxy of enemies wanting to steal their abilities, and Daemon’s touch has me lit up like the Vegas Strip. The only way I’m getting out of this alive is by sticking close to Daemon until my alien mojo fades. If I don’t kill him first, that is. ...more",Young Adult,2,http://books.toscrape.com/media/cache/88/3f/883fb0f2304efca8724c629f03a4b82a.jpg
http://books.toscrape.com/catalogue/burning_884/,5ceb951f629700a2,Burning,28.81,28.81,16,"After three years in juvie, Angela Davis is just a few months shy of release, and she'll finally be free from the hole that is Brunesfield Correctional Facility. Then Jessica arrives. Only ten years old and under the highest security possible, this girl has to be dangerous, even if no one knows what she did to land in juvie. As strange things begin happening to Angela and After three years in juvie, Angela Davis is just a few months shy of release, and she'll finally be free from the hole that is Brunesfield Correctional Facility. Then Jessica arrives. Only ten years old and under the highest security possible, this girl has to be dangerous, even if no one knows what she did to land in juvie. As strange things begin happening to Angela and her friends that can only be traced to the new girl's arrival, it becomes clear that Brunesfield is no longer safe. They must find a way to get out, but how can they save themselves when the world has forgotten them? ...more",Young Adult,3,http://books.toscrape.com/media/cache/9a/2c/9a2c2936fa9bd422be96805924e1411a.jpg
http://books.toscrape.com/catalogue/a-fierce-and-subtle-poison_875/,842790dfaa937484,A Fierce and Subtle Poison,28.13,28.13,16,"Everyone knows the legends about the cursed girl--Isabel, the one the señoras whisper about. They say she has green skin and grass for hair, and she feeds on the poisonous plants that fill her family’s Caribbean island garden. Some say she can grant wishes; some say her touch can kill.Seventeen-year-old Lucas lives on the mainland most of the year but spends summers with h Everyone knows the legends about the cursed girl--Isabel, the one the señoras whisper about. They say she has green skin and grass for hair, and she feeds on the poisonous plants that fill her family’s Caribbean island garden. Some say she can grant wishes; some say her touch can kill.Seventeen-year-old Lucas lives on the mainland most of the year but spends summers with his hotel-developer father in Puerto Rico. He’s grown up hearing stories about the cursed girl, and he wants to believe in Isabel and her magic. When letters from Isabel begin mysteriously appearing in his room the same day his new girlfriend disappears, Lucas turns to Isabel for answers--and finds himself lured into her strange and enchanted world. But time is running out for the girl filled with poison, and the more entangled Lucas becomes with Isabel, the less certain he is of escaping with his own life. ...more",Young Adult,4,http://books.toscrape.com/media/cache/ac/b6/acb65d6d11263ba98b0191b544f6c728.jpg
http://books.toscrape.com/catalogue/scarlett-epstein-hates-it-here_828/,1c929cfd16b71907,Scarlett Epstein Hates It Here,43.55,43.55,15,"Meet Scarlett Epstein, BNF (Big Name Fan) in her online community of fanfiction writers, world-class nobody at Melville High. Her best (read: only) IRL friends are Avery, a painfully shy and annoyingly attractive bookworm, and Ruth, her weed-smoking, possibly insane seventy-three-year-old neighbor.When Scarlett’s beloved TV show is canceled and her longtime crush, Gideon, Meet Scarlett Epstein, BNF (Big Name Fan) in her online community of fanfiction writers, world-class nobody at Melville High. Her best (read: only) IRL friends are Avery, a painfully shy and annoyingly attractive bookworm, and Ruth, her weed-smoking, possibly insane seventy-three-year-old neighbor.When Scarlett’s beloved TV show is canceled and her longtime crush, Gideon, is sucked out of her orbit and into the dark and distant world of Populars, Scarlett turns to the fanfic message boards for comfort. This time, though, her subjects aren’t the swoon-worthy stars of her fave series—they’re the real-life kids from her high school. And if they ever find out what Scarlett truly thinks about them, she’ll be thrust into a situation far more dramatic than anything she’s ever seen on TV… ...more",Young Adult,5,http://books.toscrape.com/media/cache/7e/ba/7eba21a2ecaa4651e44f04a7cd808520.jpg
http://books.toscrape.com/catalogue/nightingale-sing_823/,50b8f80311b31ede,"Nightingale, Sing",38.28,38.28,15,"A teenage vigilante and a ruthless gangster compete to solve a trail of riddles and find a mythical flower. This powerful YA thriller is perfect for fans of The Raven Boys, Six of Crows, and The Conspiracy of Us.*******A STREETWISE VIGILANTEwho will do anything to cure her dying sisterA RUTHLESS GANGSTERon a grisly quest to attain immortalityA DESPERATE FATHERwho crossed o A teenage vigilante and a ruthless gangster compete to solve a trail of riddles and find a mythical flower. This powerful YA thriller is perfect for fans of The Raven Boys, Six of Crows, and The Conspiracy of Us.*******A STREETWISE VIGILANTEwho will do anything to cure her dying sisterA RUTHLESS GANGSTERon a grisly quest to attain immortalityA DESPERATE FATHERwho crossed oceans to free his enslaved sonA TRAIL OF RIDDLESand the mythical treasure they all seek:THE SERENGETI SAPPHIRE ...more",Young Adult,1,http://books.toscrape.com/media/cache/97/e6/97e65c8381cc80ba1107c3ce81c4878d.jpg
http://books.toscrape.com/catalogue/library-of-souls-miss-peregrines-peculiar-children-3_816/,ba54932df84e8cea,Library of Souls (Miss Peregrine’s Peculiar Children #3),48.56,48.56,15,"A boy with extraordinary powers. An army of deadly monsters. An epic battle for the future of peculiardom.The adventure that began with Miss Peregrine’s Home for Peculiar Children and continued in Hollow City comes to a thrilling conclusion with Library of Souls. As the story opens, sixteen-year-old Jacob discovers a powerful new ability, and soon he’s diving through histo A boy with extraordinary powers. An army of deadly monsters. An epic battle for the future of peculiardom.The adventure that began with Miss Peregrine’s Home for Peculiar Children and continued in Hollow City comes to a thrilling conclusion with Library of Souls. As the story opens, sixteen-year-old Jacob discovers a powerful new ability, and soon he’s diving through history to rescue his peculiar companions from a heavily guarded fortress. Accompanying Jacob on his journey are Emma Bloom, a girl with fire at her fingertips, and Addison MacHenry, a dog with a nose for sniffing out lost children.They’ll travel from modern-day London to the labyrinthine alleys of Devil’s Acre, the most wretched slum in all of Victorian England. It’s a place where the fate of peculiar children everywhere will be decided once and for all. Like its predecessors, Library of Souls blends thrilling fantasy with never-before-published vintage photography to create a one-of-a-kind reading experience. ...more",Young Adult,5,http://books.toscrape.com/media/cache/79/7a/797a5468a7d06aba28d1cc7342b1f2ba.jpg
http://books.toscrape.com/catalogue/frostbite-vampire-academy-2_810/,116a2fdc9a45bab0,Frostbite (Vampire Academy #2),29.99,29.99,15,"WHEN LOVE AND JEALOUSY COLLIDE ON THE SLOPES, WINTER BREAK TURNS DEADLY...Lissa Dragomir is a Moroi princess: a mortal vampire with a rare gift for harnessing the earth's magic. She must be protected at all times from Strigoi; the fiercest vampires - the ones who never die. The powerful blend of human and vampire blood that flows through Rose Hathaway, Lissa's best friend, WHEN LOVE AND JEALOUSY COLLIDE ON THE SLOPES, WINTER BREAK TURNS DEADLY...Lissa Dragomir is a Moroi princess: a mortal vampire with a rare gift for harnessing the earth's magic. She must be protected at all times from Strigoi; the fiercest vampires - the ones who never die. The powerful blend of human and vampire blood that flows through Rose Hathaway, Lissa's best friend, makes her a dhampir. Rose is dedicated to a dangerous life of protecting Lissa from the Strigoi, who are hell-bent on making Lissa one of them.Rose has serious guy trouble. Her gorgeous tutor, Dimitri, has his eye on someone else, her friend Mason has a huge crush on her, and she keeps getting stuck in her best friend Lissa's head while she's making out with her boyfriend, Christian.Then a nearby Strigoi attack puts St. Vladimir's on high alert, and the Academy whisks its students away on a mandatory holiday ski trip. But the glittering winter landscape and posh Idaho resort only provide the illusion of safety. When three students run away to strike back against the deadly Strigoi, Rose must join forces with Christian to rescue them. Only this time, Rose - and her heart - are in more danger than she ever could have imagined... ...more",Young Adult,5,http://books.toscrape.com/media/cache/2a/2d/2a2d6ebcedeb7249a2a85fd1fbfd06e1.jpg
http://books.toscrape.com/catalogue/wild-swans_782/,3fb15ace50d6142b,Wild Swans,14.36,14.36,14,"The summer before Ivy’s senior year is going to be golden; all bonfires, barbeques, and spending time with her best friends. For once, she will just get to be. No summer classes, none of Granddad’s intense expectations to live up to the family name. For generations, the Milbourn women have lead extraordinary lives—and died young and tragically. Granddad calls it a legacy, The summer before Ivy’s senior year is going to be golden; all bonfires, barbeques, and spending time with her best friends. For once, she will just get to be. No summer classes, none of Granddad’s intense expectations to live up to the family name. For generations, the Milbourn women have lead extraordinary lives—and died young and tragically. Granddad calls it a legacy, but Ivy considers it a curse. Why else would her mother have run off and abandoned her as a child?But when her mother unexpectedly returns home with two young daughters in tow, all of the stories Ivy wove to protect her heart start to unravel. The very people she once trusted now speak in lies. And all of Ivy’s ambition and determination cannot defend her against the secrets of the Milbourn past…. ...more",Young Adult,2,http://books.toscrape.com/media/cache/ad/42/ad42a85570a887faf1b9e12715cf59bf.jpg
http://books.toscrape.com/catalogue/until-friday-night-the-field-party-1_775/,aba2db9afb1469c7,Until Friday Night (The Field Party #1),46.31,46.31,14,"To everyone who knows him, West Ashby has always been that guy: the cocky, popular, way-too-handsome-for-his-own-good football god who led Lawton High to the state championships. But while West may be Big Man on Campus on the outside, on the inside he’s battling the grief that comes with watching his father slowly die of cancer.Two years ago, Maggie Carleton’s life fell ap To everyone who knows him, West Ashby has always been that guy: the cocky, popular, way-too-handsome-for-his-own-good football god who led Lawton High to the state championships. But while West may be Big Man on Campus on the outside, on the inside he’s battling the grief that comes with watching his father slowly die of cancer.Two years ago, Maggie Carleton’s life fell apart when her father murdered her mother. And after she told the police what happened, she stopped speaking and hasn’t spoken since. Even the move to Lawton, Alabama, couldn’t draw Maggie back out. So she stayed quiet, keeping her sorrow and her fractured heart hidden away.As West’s pain becomes too much to handle, he knows he needs to talk to someone about his father—so in the dark shadows of a post-game party, he opens up to the one girl who he knows won’t tell anyone else.West expected that talking about his dad would bring some relief, or at least a flood of emotions he couldn’t control. But he never expected the quiet new girl to reply, to reveal a pain even deeper than his own—or for them to form a connection so strong that he couldn’t ever let her go… ...more",Young Adult,2,http://books.toscrape.com/media/cache/e1/24/e1249f72129bd4b788ffd0cdd7834c24.jpg
http://books.toscrape.com/catalogue/this-is-where-it-ends_771/,f0f38174a7e689a3,This Is Where It Ends,27.12,27.12,14,"10:00 a.m. The principal of Opportunity High School finishes her speech, welcoming the entire student body to a new semester and encouraging them to excel and achieve.10:02 a.m. The students get up to leave the auditorium for their next class.10:03 a.m. The auditorium doors won't open.10:05 a.m. Someone starts shooting.Told from four different perspectives over the span of 10:00 a.m. The principal of Opportunity High School finishes her speech, welcoming the entire student body to a new semester and encouraging them to excel and achieve.10:02 a.m. The students get up to leave the auditorium for their next class.10:03 a.m. The auditorium doors won't open.10:05 a.m. Someone starts shooting.Told from four different perspectives over the span of fifty-four harrowing minutes, terror reigns as one student’s calculated revenge turns into the ultimate game of survival. ...more",Young Adult,2,http://books.toscrape.com/media/cache/8e/dc/8edc314a67ed5ddad7bd0a2f30ad3238.jpg
http://books.toscrape.com/catalogue/the-darkest-lie_747/,6edacfd1f8ebb9eb,The Darkest Lie,35.35,35.35,14,"“The mother I knew would never do those things.But maybe I never knew her after all.”Clothes, jokes, coded messages…Cecilia Brooks and her mom shared everything. At least, CeCe thought they did. Six months ago, her mom killed herself after accusations of having sex with a student, and CeCe’s been the subject of whispers and taunts ever since. Now, at the start of her high “The mother I knew would never do those things.But maybe I never knew her after all.”Clothes, jokes, coded messages…Cecilia Brooks and her mom shared everything. At least, CeCe thought they did. Six months ago, her mom killed herself after accusations of having sex with a student, and CeCe’s been the subject of whispers and taunts ever since. Now, at the start of her high school senior year, between dealing with her grieving, distracted father, and the social nightmare that has become her life, CeCe just wants to fly under the radar. Instead, she’s volunteering at the school’s crisis hotline—the same place her mother worked.As she counsels troubled strangers, CeCe’s lingering suspicions about her mom’s death surface. With the help of Sam, a new student and newspaper intern, she starts to piece together fragmented clues that point to a twisted secret at the heart of her community. Soon, finding the truth isn’t just a matter of restoring her mother’s reputation, it’s about saving lives—including CeCe’s own… ...more",Young Adult,5,http://books.toscrape.com/media/cache/3b/6a/3b6ae7b1d7736819f4f44605441e283e.jpg
http://books.toscrape.com/catalogue/my-kind-of-crazy_718/,137b0b2775701e11,My Kind of Crazy,40.36,40.36,14,"Despite the best of intentions, seventeen-year old, wisecracking Hank Kirby can’t quite seem to catch a break. It’s not that he means to screw things up all the time, it just happens. A lot. Case in point: his attempt to ask out the girl he likes literally goes up in flames when he spells “Prom” in sparklers on her lawn…and nearly burns down her house. As if that wasn’t ba Despite the best of intentions, seventeen-year old, wisecracking Hank Kirby can’t quite seem to catch a break. It’s not that he means to screw things up all the time, it just happens. A lot. Case in point: his attempt to ask out the girl he likes literally goes up in flames when he spells “Prom” in sparklers on her lawn…and nearly burns down her house. As if that wasn’t bad enough, Peyton Breedlove, a brooding loner and budding pyromaniac, witnesses the whole thing. Much to Hank’s dismay, Peyton takes an interest in him—and his “work.” The two are thrust into an unusual friendship, but their boundaries are tested when Hank learns that Peyton is hiding some dark secrets, secrets that may change everything he thought he knew about Peyton. ...more",Young Adult,1,http://books.toscrape.com/media/cache/2b/38/2b38dc9b90299a9755fb15bed3293342.jpg
http://books.toscrape.com/catalogue/dont-get-caught_687/,ad2887ce04583910,Don't Get Caught,55.35,55.35,14,"10:00 tonight at the water tower. Tell no one. -Chaos ClubWhen Max receives a mysterious invite from the untraceable, epic prank-pulling Chaos Club, he has to ask: why him? After all, he's Mr. 2.5 GPA, Mr. No Social Life. He's Just Max. And his favorite heist movies have taught him this situation calls for Rule #4: Be suspicious. But it's also his one shot to leave Just Ma 10:00 tonight at the water tower. Tell no one. -Chaos ClubWhen Max receives a mysterious invite from the untraceable, epic prank-pulling Chaos Club, he has to ask: why him? After all, he's Mr. 2.5 GPA, Mr. No Social Life. He's Just Max. And his favorite heist movies have taught him this situation calls for Rule #4: Be suspicious. But it's also his one shot to leave Just Max in the dust...Yeah, not so much. Max and four fellow students-who also received invites-are standing on the newly defaced water tower when campus security ""catches"" them. Definitely a setup. And this time, Max has had enough. It's time for Rule #7: Always get payback.Let the prank war begin. ...more",Young Adult,1,http://books.toscrape.com/media/cache/78/11/78112d48a74583a7acc24a2b46a9f59d.jpg
http://books.toscrape.com/catalogue/catching-jordan-hundred-oaks_673/,e2e7b683b4c15b7d,Catching Jordan (Hundred Oaks),50.83,50.83,14,"ONE OF THE BOYSWhat girl doesn't want to be surrounded by gorgeous jocks day in and day out? Jordan Woods isn't just surrounded by hot guys, though-she leads them as the captain and quarterback of her high school football team. They all see her as one of the guys and that's just fine. As long as she gets her athletic scholarship to a powerhouse university.But everything sh ONE OF THE BOYSWhat girl doesn't want to be surrounded by gorgeous jocks day in and day out? Jordan Woods isn't just surrounded by hot guys, though-she leads them as the captain and quarterback of her high school football team. They all see her as one of the guys and that's just fine. As long as she gets her athletic scholarship to a powerhouse university.But everything she's ever worked for is threatened when Ty Green moves to her school. Not only is he an amazing QB, but he's also amazingly hot. And for the first time, Jordan's feeling vulnerable. Can she keep her head in the game while her heart's on the line? ...more",Young Adult,3,http://books.toscrape.com/media/cache/f4/8b/f48b76634af0040d4eea1ee896d3676b.jpg
http://books.toscrape.com/catalogue/aristotle-and-dante-discover-the-secrets-of-the-universe-aristotle-and-dante-discover-the-secrets-of-the-universe-1_663/,41164b8ac02a2c42,Aristotle and Dante Discover the Secrets of the Universe (Aristotle and Dante Discover the Secrets of the Universe #1),58.14,58.14,14,"This Printz Honor Book is a “tender, honest exploration of identity” (Publishers Weekly) that distills lyrical truths about family and friendship.Aristotle is an angry teen with a brother in prison. Dante is a know-it-all who has an unusual way of looking at the world. When the two meet at the swimming pool, they seem to have nothing in common. But as the loners start spen This Printz Honor Book is a “tender, honest exploration of identity” (Publishers Weekly) that distills lyrical truths about family and friendship.Aristotle is an angry teen with a brother in prison. Dante is a know-it-all who has an unusual way of looking at the world. When the two meet at the swimming pool, they seem to have nothing in common. But as the loners start spending time together, they discover that they share a special friendship—the kind that changes lives and lasts a lifetime. And it is through this friendship that Ari and Dante will learn the most important truths about themselves and the kind of people they want to be. ...more",Young Adult,4,http://books.toscrape.com/media/cache/e5/3a/e53a42b20d0c60634289aaad3fbb75c6.jpg
http://books.toscrape.com/catalogue/the-epidemic-the-program-06_636/,f732d7d18a91d2ba,The Epidemic (The Program 0.6),14.44,14.44,12,"Can one girl help others find closure by slipping into the identities of their loved ones? Find out in this riveting sequel to The Remedy and companion to the New York Times bestselling The Treatment and The Program.In a world before The Program…Quinlan McKee has spent her life acting as other people. She was a closer—a person hired to play the role of the recently decease Can one girl help others find closure by slipping into the identities of their loved ones? Find out in this riveting sequel to The Remedy and companion to the New York Times bestselling The Treatment and The Program.In a world before The Program…Quinlan McKee has spent her life acting as other people. She was a closer—a person hired to play the role of the recently deceased in order to give their families closure. Through this process, Quinn learned to read people and situations, even losing a bit of herself to do so. But she couldn’t have guessed how her last case would bring down her entire world.The only person Quinn trusts is Deacon, her best friend and the love of her life. Except Deacon’s been keeping secrets of his one, so Quinn must set out alone to find Arthur Pritchard, the doctor who’s been trying to control her life. The journey brings Quinn to Arthur’s daughter, Virginia, who tells Quinn the truth about Pritchard’s motives. The former closer will start to see that she is the first step in fighting an epidemic.But Quinlan doesn’t want to be a cure. And with all the lies surrounding her, she realizes she has no one left to rely on but herself—even if she doesn’t know who that is anymore. ...more",Young Adult,5,http://books.toscrape.com/media/cache/b6/2f/b62f16c69886271a55d3717883323283.jpg
http://books.toscrape.com/catalogue/stars-above-the-lunar-chronicles-45_632/,b63ea3f7a57ae099,Stars Above (The Lunar Chronicles #4.5),48.05,48.05,12,"The enchantment continues....The universe of the Lunar Chronicles holds stories—and secrets—that are wondrous, vicious, and romantic. How did Cinder first arrive in New Beijing? How did the brooding soldier Wolf transform from young man to killer? When did Princess Winter and the palace guard Jacin realize their destinies?With nine stories—five of which have never before b The enchantment continues....The universe of the Lunar Chronicles holds stories—and secrets—that are wondrous, vicious, and romantic. How did Cinder first arrive in New Beijing? How did the brooding soldier Wolf transform from young man to killer? When did Princess Winter and the palace guard Jacin realize their destinies?With nine stories—five of which have never before been published—and an exclusive never-before-seen excerpt from Marissa Meyer’s upcoming novel, Heartless, about the Queen of Hearts from Alice in Wonderland, Stars Above is essential for fans of the bestselling and beloved Lunar Chronicles.--The Little Android: A retelling of Hans Christian Andersen’s “The Little Mermaid,” set in the world of The Lunar Chronicles.Glitches: In this prequel to Cinder, we see the results of the plague play out, and the emotional toll it takes on Cinder. Something that may, or may not, be a glitch….The Queen’s Army: In this prequel to Scarlet, we’re introduced to the army Queen Levana is building, and one soldier in particular who will do anything to keep from becoming the monster they want him to be.Carswell’s Guide to Being Lucky: Thirteen-year-old Carswell Thorne has big plans involving a Rampion spaceship and a no-return trip out of Los Angeles.The Keeper: A prequel to the Lunar Chronicles, showing a young Scarlet and how Princess Selene came into the care of Michelle Benoit.After Sunshine Passes By: In this prequel to Cress, we see how a nine-year-old Cress ended up alone on a satellite, spying on Earth for Luna.The Princess and the Guard: In this prequel to Winter, we see a game called The PrincessThe Mechanic: In this prequel to Cinder, we see Kai and Cinder’s first meeting from Kai’s perspective.Something Old, Something New: In this epilogue to Winter, friends gather for the wedding of the century... ...more",Young Adult,2,http://books.toscrape.com/media/cache/8f/22/8f221677f6d28eba048ebb505fcfd90a.jpg
http://books.toscrape.com/catalogue/no-love-allowed-dodge-cove-1_625/,db84624b151cbe06,No Love Allowed (Dodge Cove #1),54.65,54.65,12,"It's all fun and parties until someone falls in love in this modern fairy tale from author Kate Evangelista.Caleb desperately needs a fake girlfriend. Either he attends a series of parties for his father’s law firm with a pretty girl on his arm, or he gets shipped off to Yale to start a future he’s not ready for and isn’t sure he wants. And sadly, the last unattached girl It's all fun and parties until someone falls in love in this modern fairy tale from author Kate Evangelista.Caleb desperately needs a fake girlfriend. Either he attends a series of parties for his father’s law firm with a pretty girl on his arm, or he gets shipped off to Yale to start a future he’s not ready for and isn’t sure he wants. And sadly, the last unattached girl in his social circle has just made the grievous mistake of falling in love with him. Fortunately, Didi, recently fired waitress and aspiring painter, is open to new experiences. As the summer ticks by in a whirl of lavish parties, there’s only one rule: They must not fall in love! ...more",Young Adult,4,http://books.toscrape.com/media/cache/41/e1/41e1fc6ac1122d77a6308544dba8c21e.jpg
http://books.toscrape.com/catalogue/exit-pursued-by-a-bear_591/,c65c25d990fc7025,"Exit, Pursued by a Bear",51.34,51.34,11,"“I love you,” Polly says suddenly when I’m almost to the door.“I know,” I say.Hermione Winters has been a flyer. She’s been captain of her cheerleading team. The envied girlfriend and the undisputed queen of her school. Now it’s her last year and those days and those labels are fading fast. In a few months she’ll be a different person. She thinks she’s ready for whatever c “I love you,” Polly says suddenly when I’m almost to the door.“I know,” I say.Hermione Winters has been a flyer. She’s been captain of her cheerleading team. The envied girlfriend and the undisputed queen of her school. Now it’s her last year and those days and those labels are fading fast. In a few months she’ll be a different person. She thinks she’s ready for whatever comes next.But then someone puts something in her drink at a party, and in an instant she finds herself wearing new labels, ones she never imagined:Victim. Survivor. That raped girl.Even though this was never the future she imagined, one essential thing remains unchanged: Hermione can still call herself Polly Olivier’s best friend, and that may be the truest label of all.Heartbreaking and empowering, Exit, Pursued by a Bear is the story of transcendent friendship in the face of trauma.“I love you,” I say, because I really, really do.“I know,” says Polly. ...more",Young Adult,4,http://books.toscrape.com/media/cache/fc/8c/fc8c996d0976a29c5c37bc11923a02f1.jpg
http://books.toscrape.com/catalogue/the-alien-club_569/,e77594ece9b9d1fe,The Alien Club,54.40,54.40,9,"When everything is your first, you’re an alien.The feelings, sensations, decisions and ramifications of your actions are uncharted territory. An alien landscape that stretches from your front door to your first love can be more bizarre, beautiful and unforgiving than any other planet in the Universe. With no handbook and nowhere to turn, you’re forced to blaze a path to gr When everything is your first, you’re an alien.The feelings, sensations, decisions and ramifications of your actions are uncharted territory. An alien landscape that stretches from your front door to your first love can be more bizarre, beautiful and unforgiving than any other planet in the Universe. With no handbook and nowhere to turn, you’re forced to blaze a path to greatness you’re not even sure is your destiny.A rich tale of love and war, and the interpersonal relationships that forge them both. The Alien Club follows the path forged by a ten-year-old boy, blindly clawing his way through the confusing, frightening and utterly fascinating life afforded him via a magical neighborhood situated in suburbia USA, during the summer of 1979.Wrought with heroism and hilarious happenings, The Alien Club is a truly mesmerizing journey created by a series of tragic and fanciful events that are thrust into motion by seemingly mundane issues that grip and alter the trajectory of an innocent youth.The Alien Club is the crossroads of The Goonies, The Outsiders, The Lord of the Flies and Stand by Me (The Body). ...more",Young Adult,1,http://books.toscrape.com/media/cache/15/7c/157c526f6978d80e039e1362ae898fc8.jpg
http://books.toscrape.com/catalogue/dont-forget-steven_561/,e845d305f64154f1,Don't Forget Steven,33.23,33.23,9,"By the author of Ruby, Between the Cracks, a winner of the Top Ten Best Books for Teens 2015 award, this unflinching look at Steven's life will stick with you long after you put it down.He never told what went on behind closed doors. But this time, he can’t remember.Things never have been easy for Steven. He accepts that, and just makes the best of things. He might not hav By the author of Ruby, Between the Cracks, a winner of the Top Ten Best Books for Teens 2015 award, this unflinching look at Steven's life will stick with you long after you put it down.He never told what went on behind closed doors. But this time, he can’t remember.Things never have been easy for Steven. He accepts that, and just makes the best of things. He might not have parents or a happy home. Or enough to eat most days. But at least he has a couple of loyal friends who stand by him and help out when they can. At least he has school, someplace he can go to escape the abuse.But just when he thought things couldn't get much worse, they did.Steven is accused of murder. But that isn't the worst part. The really bad part is not even knowing if he did . ...more",Young Adult,1,http://books.toscrape.com/media/cache/0e/ea/0eea83f8c3d5d3bf8538f046e2a4c67d.jpg
http://books.toscrape.com/catalogue/south-of-sunshine_544/,331c26103d885cae,South of Sunshine,28.93,28.93,8,"What is Kaycee willing to risk for the sake of love? And what will she risk for acceptance?In Sunshine, Tennessee, the main event in town is Friday night football, the biggest party of the year is held in a field filled with pickup trucks, and church attendance is mandatory. For Kaycee Jean McCoy, life in Sunshine means dating guys she has no interest in, saying only “yes, What is Kaycee willing to risk for the sake of love? And what will she risk for acceptance?In Sunshine, Tennessee, the main event in town is Friday night football, the biggest party of the year is held in a field filled with pickup trucks, and church attendance is mandatory. For Kaycee Jean McCoy, life in Sunshine means dating guys she has no interest in, saying only “yes, ma’am” when the local bigots gossip at her mom’s cosmetics salon, and avoiding certain girls at all costs. Girls like Bren Dawson.Unlike Kaycee, Bren doesn’t really conceal who she is. But as the cool, worldly new girl, nobody at school seems to give her any trouble. Maybe there’s no harm if Kaycee gets closer to her too, as long as she can keep that part of her life a secret, especially from her family and her best friend. But the more serious things get with Bren, the harder it is to hide from everyone else. Kaycee knows Sunshine has a darker side for people like her, and she’s risking everything for the chance to truly be herself. ...more",Young Adult,1,http://books.toscrape.com/media/cache/34/65/3465383539467c7e1787d26c02bca66f.jpg
http://books.toscrape.com/catalogue/my-life-next-door-my-life-next-door_535/,9a7291b89bd5445c,My Life Next Door (My Life Next Door ),36.39,36.39,8,"""One thing my mother never knew, and would disapprove of most of all, was that I watched the Garretts. All the time.""The Garretts are everything the Reeds are not. Loud, messy, affectionate. And every day from her rooftop perch, Samantha Reed wishes she was one of them . . . until one summer evening, Jase Garrett climbs up next to her and changes everything.As the two fall ""One thing my mother never knew, and would disapprove of most of all, was that I watched the Garretts. All the time.""The Garretts are everything the Reeds are not. Loud, messy, affectionate. And every day from her rooftop perch, Samantha Reed wishes she was one of them . . . until one summer evening, Jase Garrett climbs up next to her and changes everything.As the two fall fiercely for each other, stumbling through the awkwardness and awesomeness of first love, Jase's family embraces Samantha - even as she keeps him a secret from her own. Then something unthinkable happens, and the bottom drops out of Samantha's world. She's suddenly faced with an impossible decision. Which perfect family will save her? Or is it time she saved herself?A transporting debut about family, friendship, first romance, and how to be true to one person you love without betraying another. ...more",Young Adult,5,http://books.toscrape.com/media/cache/1a/2c/1a2c80cc391bc1422013e31682c5f649.jpg
http://books.toscrape.com/catalogue/future-shock-future-shock-1_519/,df6a7c43faa6732b,Future Shock (Future Shock #1),55.65,55.65,8,"What do you do when the future is too late, and the present is counting down to an inevitable moment?Elena Martinez has street smarts, the ability for perfect recall, and a deadline: if she doesn’t find a job before she turns eighteen, she’ll be homeless. But then she gets an unexpected offer from Aether Corporation, the powerful Los Angeles tech giant. Along with four oth What do you do when the future is too late, and the present is counting down to an inevitable moment?Elena Martinez has street smarts, the ability for perfect recall, and a deadline: if she doesn’t find a job before she turns eighteen, she’ll be homeless. But then she gets an unexpected offer from Aether Corporation, the powerful Los Angeles tech giant. Along with four other recruits—Adam, Chris, Trent, and Zoe—Elena is being sent on a secret mission to bring back data from the future. All they have to do is get Aether the information they need, and the five of them will be set for life. It’s an offer Elena can’t refuse.But something goes wrong when the time travelers arrive in the future. And they are forced to break the only rule they were given—not to look into their own fates. Now they have twenty-four hours to get back to the present and find a way to stop a seemingly inevitable future—and a murder—from happening. But changing the timeline has deadly consequences too. Who can Elena trust as she fights to save her life?The first book in an unforgettable series about rewriting your destiny in the city of dreams. ...more",Young Adult,5,http://books.toscrape.com/media/cache/7c/eb/7cebcafb82ec5f208d1613b35337d59d.jpg
http://books.toscrape.com/catalogue/nightstruck-a-novel_480/,746029796363aa51,Nightstruck: A Novel,50.35,50.35,7,"It starts with a cry in the night.Becket, walking her dog one winter evening, fears it’s an abandoned baby left out in the cold. But it is something else—something evil—and it tricks Becket into opening a doorway to another realm, letting a darkness into our world, a corruption that begins transforming Philadelphia into a sinister and menacing version of itself…but only at It starts with a cry in the night.Becket, walking her dog one winter evening, fears it’s an abandoned baby left out in the cold. But it is something else—something evil—and it tricks Becket into opening a doorway to another realm, letting a darkness into our world, a corruption that begins transforming Philadelphia into a sinister and menacing version of itself…but only at night.The changes are subtle at first, causing Becket to doubt her senses and her sanity. But soon the nightmarish truth is impossible to deny: By day, the city is just a city, but at night it literally comes alive with malevolent purpose. Brick and steel become bone, streetlights turn into gallows, and hungry alleys wait to snare mortal victims. Terrified citizens huddle indoors after dusk, as others succumb to the siren song of the night, letting their darker sides run wild.Once, Becket’s biggest problems were living up to her police commissioner father’s high expectations and a secret crush on her best friend’s boyfriend. Now she must find a way to survive and protect her loved ones…before the darkness takes her as well. ...more",Young Adult,4,http://books.toscrape.com/media/cache/cb/da/cbda49820de480220af3dff2d30c689a.jpg
http://books.toscrape.com/catalogue/tell-the-wolves-im-home_439/,2a1b3d967cda1da2,Tell the Wolves I'm Home,50.96,50.96,6,"In this striking literary debut, Carol Rifka Brunt unfolds a moving story of love, grief, and renewal as two lonely people become the unlikeliest of friends and find that sometimes you don’t know you’ve lost someone until you’ve found them.1987. There’s only one person who has ever truly understood fourteen-year-old June Elbus, and that’s her uncle, the renowned painter Fi In this striking literary debut, Carol Rifka Brunt unfolds a moving story of love, grief, and renewal as two lonely people become the unlikeliest of friends and find that sometimes you don’t know you’ve lost someone until you’ve found them.1987. There’s only one person who has ever truly understood fourteen-year-old June Elbus, and that’s her uncle, the renowned painter Finn Weiss. Shy at school and distant from her older sister, June can only be herself in Finn’s company; he is her godfather, confidant, and best friend. So when he dies, far too young, of a mysterious illness her mother can barely speak about, June’s world is turned upside down. But Finn’s death brings a surprise acquaintance into June’s life - someone who will help her to heal and to question what she thinks she knows about Finn, her family, and even her own heart.At Finn’s funeral, June notices a strange man lingering just beyond the crowd. A few days later, she receives a package in the mail. Inside is a beautiful teapot she recognizes from Finn’s apartment and a note from Toby, the stranger, asking for an opportunity to meet. As the two begin to spend time together, June realizes she’s not the only one who misses Finn, and if she can bring herself to trust this unexpected friend, he just might be the one she needs the most.An emotionally charged coming-of-age novel, Tell the Wolves I’m Home is a tender story of love lost and found, an unforgettable portrait of the way compassion can make us whole again. ...more",Young Adult,2,http://books.toscrape.com/media/cache/78/48/784872c69237efaf5df8c0282280ff05.jpg
http://books.toscrape.com/catalogue/will-grayson-will-grayson-will-grayson-will-grayson_419/,e75f3ae1da1cc652,"Will Grayson, Will Grayson (Will Grayson, Will Grayson)",47.31,47.31,5,"Will Grayson meets Will Grayson. One cold night, in a most unlikely corner of Chicago, two strangers are about to cross paths. From that moment on, their world will collide and lives intertwine.It's not that far from Evanston to Naperville, but Chicago suburbanites Will Grayson and Will Grayson might as well live on different planets. When fate delivers them both to the sa Will Grayson meets Will Grayson. One cold night, in a most unlikely corner of Chicago, two strangers are about to cross paths. From that moment on, their world will collide and lives intertwine.It's not that far from Evanston to Naperville, but Chicago suburbanites Will Grayson and Will Grayson might as well live on different planets. When fate delivers them both to the same surprising crossroads, the Will Graysons find their lives overlapping and hurtling in new and unexpected directions. With a push from friends new and old - including the massive, and massively fabulous, Tiny Cooper, offensive lineman and musical theater auteur extraordinaire - Will and Will begin building toward respective romantic turns-of-heart and the epic production of history's most awesome high school musical. ...more",Young Adult,4,http://books.toscrape.com/media/cache/b9/e6/b9e66a23fe4b95c426409bad86058152.jpg
http://books.toscrape.com/catalogue/where-she-went-if-i-stay-2_417/,60369d96b7b80869,Where She Went (If I Stay #2),41.73,41.73,5,"It's been three years since the devastating accident . . . three years since Mia walked out of Adam's life forever.Now living on opposite coasts, Mia is Juilliard's rising star and Adam is LA tabloid fodder, thanks to his new rock star status and celebrity girlfriend. When Adam gets stuck in New York by himself, chance brings the couple together again, for one last night. It's been three years since the devastating accident . . . three years since Mia walked out of Adam's life forever.Now living on opposite coasts, Mia is Juilliard's rising star and Adam is LA tabloid fodder, thanks to his new rock star status and celebrity girlfriend. When Adam gets stuck in New York by himself, chance brings the couple together again, for one last night. As they explore the city that has become Mia's home, Adam and Mia revisit the past and open their hearts to the future - and each other.Told from Adam's point of view in the spare, lyrical prose that defined If I Stay, Where She Went explores the devastation of grief, the promise of new hope, and the flame of rekindled romance. ...more",Young Adult,4,http://books.toscrape.com/media/cache/0c/f9/0cf93861d70a35c3d8deaa265a630e35.jpg
http://books.toscrape.com/catalogue/two-summers_415/,3a7d54a264d9f33e,Two Summers,14.64,14.64,5,"ONE SUMMER in the French countryside, among sun-kissed fields of lavender . . . ANOTHER SUMMER in upstate New York, along familiar roads that lead to surprises . . . When Summer Everett makes a split-second decision, her summer divides into two parallel worlds. In one, she travels to France, where she’s dreamed of going: a land of chocolate croissants, handsome boys, and a ONE SUMMER in the French countryside, among sun-kissed fields of lavender . . . ANOTHER SUMMER in upstate New York, along familiar roads that lead to surprises . . . When Summer Everett makes a split-second decision, her summer divides into two parallel worlds. In one, she travels to France, where she’s dreamed of going: a land of chocolate croissants, handsome boys, and art museums. In the other, she remains home, in her ordinary suburb, where she expects her ordinary life to continue — but nothing is as it seems.In both summers, she will fall in love and discover new sides of herself. What may break her, though, is a terrible family secret, one she can't hide from anywhere. In the end, it may just be the truth she needs the most.From New York Times bestselling author Aimee Friedman comes an irresistible, inventive novel that takes readers around the world and back again, and asks us what matters more: the journey or the destination. ...more",Young Adult,1,http://books.toscrape.com/media/cache/cd/1a/cd1ab47070ea1662d4917d7ad483ed53.jpg
http://books.toscrape.com/catalogue/the-darkest-corners_399/,c4182bdb53e2459a,The Darkest Corners,11.33,11.33,5,"The Darkest Corners is a psychological thriller about the lies little girls tell, and the deadly truths those lies become.There are ghosts around every corner in Fayette, Pennsylvania. Tessa left when she was nine and has been trying ever since not to think about it after what happened there that last summer. Memories of things so dark will burn themselves into your mind i The Darkest Corners is a psychological thriller about the lies little girls tell, and the deadly truths those lies become.There are ghosts around every corner in Fayette, Pennsylvania. Tessa left when she was nine and has been trying ever since not to think about it after what happened there that last summer. Memories of things so dark will burn themselves into your mind if you let them.Callie never left. She moved to another house, so she doesn’t have to walk those same halls, but then Callie always was the stronger one. She can handle staring into the faces of her demons—and if she parties hard enough, maybe one day they’ll disappear for good.Tessa and Callie have never talked about what they saw that night. After the trial, Callie drifted and Tessa moved, and childhood friends just have a way of losing touch.But ever since she left, Tessa has had questions. Things have never quite added up. And now she has to go back to Fayette—to Wyatt Stokes, sitting on death row; to Lori Cawley, Callie’s dead cousin; and to the one other person who may be hiding the truth.Only the closer Tessa gets to the truth, the closer she gets to a killer—and this time, it won’t be so easy to run away. ...more",Young Adult,5,http://books.toscrape.com/media/cache/8c/64/8c64037f38663260b91c275078ee882d.jpg
http://books.toscrape.com/catalogue/tell-me-three-things_395/,50d5a7b861ed1c54,Tell Me Three Things,41.81,41.81,5,"Everything about Jessie is wrong. At least, that’s what it feels like during her first weekof junior year at her new ultra-intimidating prep school in Los Angeles. Just when she’s thinking about hightailing it back to Chicago, she gets an email from a person calling themselves Somebody/Nobody (SN for short),offering to help her navigate the wilds of Wood Valley High School Everything about Jessie is wrong. At least, that’s what it feels like during her first week of junior year at her new ultra-intimidating prep school in Los Angeles. Just when she’s thinking about hightailing it back to Chicago, she gets an email from a person calling themselves Somebody/Nobody (SN for short), offering to help her navigate the wilds of Wood Valley High School. Is it an elaborate hoax? Or can she rely on SN for some much-needed help?It’s been barely two years since her mother’s death, and because her father eloped with a woman he met online, Jessie has been forced to move across the country to live with her stepmonster and her pretentious teenage son.In a leap of faith—or an act of complete desperation—Jessie begins to rely on SN, and SN quickly becomes her lifeline and closest ally. Jessie can’t help wanting to meet SN in person. But are some mysteries better left unsolved?Julie Buxbaum mixes comedy and tragedy, love and loss, pain and elation, in her debut YA novel filled with characters who will come to feel like friends. ...more",Young Adult,1,http://books.toscrape.com/media/cache/92/a5/92a5e01c5067f65f03b316a328459f9f.jpg
http://books.toscrape.com/catalogue/lola-and-the-boy-next-door-anna-and-the-french-kiss-2_385/,5e1a88d248599768,Lola and the Boy Next Door (Anna and the French Kiss #2),23.63,23.63,5,"Lola Nolan is a budding costume designer, and for her, the more outrageous, sparkly, and fun the outfit, the better. And everything is pretty perfect in her life (right down to her hot rocker boyfriend) until the Bell twins, Calliope and Cricket, return to the neighborhood. When Cricket, a gifted inventor, steps out from his twin sister's shadow and back into Lola's life, Lola Nolan is a budding costume designer, and for her, the more outrageous, sparkly, and fun the outfit, the better. And everything is pretty perfect in her life (right down to her hot rocker boyfriend) until the Bell twins, Calliope and Cricket, return to the neighborhood. When Cricket, a gifted inventor, steps out from his twin sister's shadow and back into Lola's life, she must finally reconcile a lifetime of feelings for the boy next door. ...more",Young Adult,4,http://books.toscrape.com/media/cache/1e/12/1e12b33f2f3988b23f895d2319ef7af8.jpg
http://books.toscrape.com/catalogue/kill-the-boy-band_381/,44f545727e704187,Kill the Boy Band,15.52,15.52,5,"Just know from the start that it wasn’t supposed to go like this. All we wanted was to get near them. That’s why we got a room in the hotel where they were staying.We were not planning to kidnap one of them. Especially not the most useless one. But we had him—his room key, his cell phone, and his secrets.We were not planning on what happened next.We swear.From thrilling ne Just know from the start that it wasn’t supposed to go like this. All we wanted was to get near them. That’s why we got a room in the hotel where they were staying.We were not planning to kidnap one of them. Especially not the most useless one. But we had him—his room key, his cell phone, and his secrets.We were not planning on what happened next.We swear.From thrilling new talent Goldy Moldavsky comes a pitch-black, hiarlious take on fandom and the badass girls who have the power to make—or break—the people we call “celebrities.” ...more",Young Adult,5,http://books.toscrape.com/media/cache/6e/66/6e66e7cefe3ca7cf9402f87f3e13c79e.jpg
http://books.toscrape.com/catalogue/isla-and-the-happily-ever-after-anna-and-the-french-kiss-3_380/,45045146dbf7b009,Isla and the Happily Ever After (Anna and the French Kiss #3),48.13,48.13,5,"Love ignites in the City That Never Sleeps, but can it last? Hopeless romantic Isla has had a crush on introspective cartoonist Josh since their first year at the School of America in Paris. And after a chance encounter in Manhattan over the summer, romance might be closer than Isla imagined. But as they begin their senior year back in France, Isla and Josh are forced to c Love ignites in the City That Never Sleeps, but can it last? Hopeless romantic Isla has had a crush on introspective cartoonist Josh since their first year at the School of America in Paris. And after a chance encounter in Manhattan over the summer, romance might be closer than Isla imagined. But as they begin their senior year back in France, Isla and Josh are forced to confront the challenges every young couple must face, including family drama, uncertainty about their college futures, and the very real possibility of being apart. Featuring cameos from fan-favorites Anna, Étienne, Lola, and Cricket, this sweet and sexy story of true love—set against the stunning backdrops of New York City, Paris, and Barcelona—is a swoonworthy conclusion to Stephanie Perkins’s beloved series. ...more",Young Adult,5,http://books.toscrape.com/media/cache/61/ff/61ffcc9619675c79b1f0b568d6ee870c.jpg
http://books.toscrape.com/catalogue/an-abundance-of-katherines_362/,f36d24c309e87e5b,An Abundance of Katherines,10.00,10.00,5,"Katherine V thought boys were gross Katherine X just wanted to be friends Katherine XVIII dumped him in an e-mail K-19 broke his heart When it comes to relationships, Colin Singleton's type happens to be girls named Katherine. And when it comes to girls named Katherine, Colin is always getting dumped. Nineteen times, to be exact. On a road trip miles from home, this anagr Katherine V thought boys were gross Katherine X just wanted to be friends Katherine XVIII dumped him in an e-mail K-19 broke his heart When it comes to relationships, Colin Singleton's type happens to be girls named Katherine. And when it comes to girls named Katherine, Colin is always getting dumped. Nineteen times, to be exact. On a road trip miles from home, this anagram-happy, washed-up child prodigy has ten thousand dollars in his pocket, a bloodthirsty feral hog on his trail, and an overweight, Judge Judy-loving best friend riding shotgun--but no Katherines. Colin is on a mission to prove The Theorem of Underlying Katherine Predictability, which he hopes will predict the future of any relationship, avenge Dumpees everywhere, and finally win him the girl. Love, friendship, and a dead Austro-Hungarian archduke add up to surprising and heart-changing conclusions in this ingeniously layered comic novel about reinventing oneself. ...more",Young Adult,5,http://books.toscrape.com/media/cache/9b/c8/9bc86bc10a6beea536422bbe82e076fb.jpg
http://books.toscrape.com/catalogue/harry-potter-and-the-prisoner-of-azkaban-harry-potter-3_328/,eff24325e0ede639,Harry Potter and the Prisoner of Azkaban (Harry Potter #3),24.17,24.17,4,"Harry Potter is lucky to reach the age of thirteen, since he has already survived the murderous attacks of the feared Dark Lord on more than one occasion. But his hopes for a quiet term concentrating on Quidditch are dashed when a maniacal mass-murderer escapes from Azkaban, pursued by the soul-sucking Dementors who guard the prison. It's assumed that Hogwarts is the safes Harry Potter is lucky to reach the age of thirteen, since he has already survived the murderous attacks of the feared Dark Lord on more than one occasion. But his hopes for a quiet term concentrating on Quidditch are dashed when a maniacal mass-murderer escapes from Azkaban, pursued by the soul-sucking Dementors who guard the prison. It's assumed that Hogwarts is the safest place for Harry to be. But is it a coincidence that he can feel eyes watching him in the dark, and should he be taking Professor Trelawney's ghoulish predictions seriously? ...more",Young Adult,4,http://books.toscrape.com/media/cache/27/93/2793d4ce3d27cdcdb7a0961bc218b25f.jpg
http://books.toscrape.com/catalogue/walk-the-edge-thunder-road-2_300/,0e4e2d31c2fb3aad,Walk the Edge (Thunder Road #2),32.36,32.36,3,"One moment of recklessness will change their worlds.Smart. Responsible. That's seventeen-year-old Breanna's role in her large family, and heaven forbid she put a toe out of line. Until one night of shockingly un-Breanna-like behavior puts her into a vicious cyber-bully's line of fire—and brings fellow senior Thomas ""Razor"" Turner into her life. Razor lives for the Reign of One moment of recklessness will change their worlds.Smart. Responsible. That's seventeen-year-old Breanna's role in her large family, and heaven forbid she put a toe out of line. Until one night of shockingly un-Breanna-like behavior puts her into a vicious cyber-bully's line of fire—and brings fellow senior Thomas ""Razor"" Turner into her life. Razor lives for the Reign of Terror motorcycle club, and good girls like Breanna just don't belong. But when he learns she's being blackmailed over a compromising picture of the two of them—a picture that turns one unexpected and beautiful moment into ugliness—he knows it's time to step outside the rules. And so they make a pact: he'll help her track down her blackmailer, and in return she'll help him seek answers to the mystery that's haunted him—one that not even his club brothers have been willing to discuss. But the more time they spend together, the more their feelings grow. And suddenly they're both walking the edge of discovering who they really are, what they want, and where they're going from here. ...more",Young Adult,3,http://books.toscrape.com/media/cache/3f/c5/3fc5fbb8ab3099a5fae8f5d180605905.jpg
